<ImportExportXml xmlns:xsi="http://www.w3.org/2001/XMLSchema-instance">
  <Entities></Entities>
  <Roles></Roles>
  <Workflows></Workflows>
  <FieldSecurityProfiles></FieldSecurityProfiles>
  <Templates />
  <EntityMaps />
  <EntityRelationships />
  <OrganizationSettings />
  <optionsets />
  <CustomControls />
  <EntityDataProviders />
  <CanvasApps>
    <CanvasApp>
      <Name>cr027_sevdesktimetracking_dcab4</Name>
      <AppVersion>2021-04-30T15:51:51Z</AppVersion>
      <Status>Ready</Status>
      <CreatedByClientVersion>3.21042.21.0</CreatedByClientVersion>
      <MinClientVersion>3.21042.21.0</MinClientVersion>
      <Tags>{"primaryDeviceWidth":"640","primaryDeviceHeight":"1136","sienaVersion":"4e12efad-0921-4d82-bf4b-4ac1bd6c409e","deviceCapabilities":"","supportsPortrait":"true","supportsLandscape":"false","primaryFormFactor":"Phone","publisherVersion":"3.21042.21","minimumRequiredApiVersion":"2.2.0","hasComponent":"false","hasNonOOBComponent":"false","hasUnlockedComponent":"false","isUnifiedRootApp":"false"}</Tags>
      <IsCdsUpgraded>0</IsCdsUpgraded>
      <GalleryItemId xsi:nil="true"></GalleryItemId>
      <BackgroundColor>rgba(165, 34, 55, 1)</BackgroundColor>
      <DisplayName>SevDesk - TimeTracking</DisplayName>
      <Description xsi:nil="true"></Description>
      <CommitMessage xsi:nil="true"></CommitMessage>
      <Publisher></Publisher>
      <AuthorizationReferences>[]</AuthorizationReferences>
      <ConnectionReferences>{"c33c334e-4dec-45e4-901b-36078e794a4b":{"id":"/providers/microsoft.powerapps/apis/shared_new-5fsevdesk-20timetracking-20connector-5f371f0da1d5556c39","displayName":"SevDesk TimeTracking Connector","iconUri":"https://prodapiicons.cdn.powerappscdn.net/20210430t000000z9574ab9619af4668b06b8b72886ee7a9/customconnectoricon.png","dataSources":["SevDesk"],"dependencies":[],"dependents":[],"parameterHints":{},"isOnPremiseConnection":false,"bypassConsent":false,"dataSets":{},"apiTier":"Standard","actions":["TimeTrackingAggregatedContactData","TimeTrackingContact","Contacts","Users","Parts","Projects","CreateATimeTracking","TimeTrackingDelete"],"customApiLogicalName":"new_5Fsevdesk-20timetracking-20connector","isCustomApiSolutionAware":true}}</ConnectionReferences>
      <DatabaseReferences>{}</DatabaseReferences>
      <AppComponents>[]</AppComponents>
      <AppComponentDependencies>[]</AppComponentDependencies>
      <CanvasAppType>0</CanvasAppType>
      <BypassConsent>0</BypassConsent>
      <AdminControlBypassConsent>0</AdminControlBypassConsent>
      <EmbeddedApp xsi:nil="true"></EmbeddedApp>
      <IntroducedVersion>1.0</IntroducedVersion>
      <CdsDependencies>{"cdsdependencies":[{"logicalname":"new_5Fsevdesk-20timetracking-20connector","componenttype":372,"componenttypeplatformname":"connector"}]}</CdsDependencies>
      <IsCustomizable>1</IsCustomizable>
      <BackgroundImageUri>/CanvasApps/cr027_sevdesktimetracking_dcab4_BackgroundImageUri</BackgroundImageUri>
      <DocumentUri>/CanvasApps/cr027_sevdesktimetracking_dcab4_DocumentUri.msapp</DocumentUri>
    </CanvasApp>
  </CanvasApps>
  <Connectors>
    <Connector>
      <connectorid>d57634c5-5a78-46dc-8c89-2f9b6012352a</connectorid>
      <description>SevDesk TimeTracking</description>
      <displayname>SevDesk TimeTracking Connector</displayname>
      <iconbrandcolor>#007ee5</iconbrandcolor>
      <name>new_5Fsevdesk-20timetracking-20connector</name>
      <connectortype>1</connectortype>
      <openapidefinition>/Connector/new_5Fsevdesk-20timetracking-20connector_openapidefinition.json</openapidefinition>
      <connectionparameters>/Connector/new_5Fsevdesk-20timetracking-20connector_connectionparameters.json</connectionparameters>
      <policytemplateinstances>/Connector/new_5Fsevdesk-20timetracking-20connector_policytemplateinstances.json</policytemplateinstances>
      <iconblob>/Connector/new_5Fsevdesk-20timetracking-20connector_iconblob.Png</iconblob>
    </Connector>
  </Connectors>
  <Languages>
    <Language>1033</Language>
  </Languages>
</ImportExportXml>